{
  "version": "1.0",
  "timestamp": 1772179916253,
  "settings": {
    "mode": "demo",
    "showGrid": true,
    "gridSize": 50,
    "showTrajectories": true,
    "showEnergy": true,
    "showFieldVectors": true,
    "pixelsPerMeter": 35.725287604728486,
    "gravity": 0,
    "boundaryMode": "margin",
    "boundaryMargin": 258.4721194517965
  },
  "camera": {
    "offsetX": 24.1171875,
    "offsetY": -19.00390625
  },
  "variables": {},
  "objects": [
    {
      "type": "magnetic-field-circle",
      "id": "1772166028044-pl96l3tc4",
      "x": 1251.16121434454,
      "y": 498.2667328251563,
      "shape": "circle",
      "width": 258.47211945179674,
      "height": 258.47211945179674,
      "radius": 258.47211945179674,
      "strength": 1
    }
  ]
}